emp_id,dept_id,name,department,city,education,rating,experience,age,height_cm,salary,join_date
1001,3,Rahul Sharma,HR,Hyderabad,Masters,Poor,4,53,169.5,47764,03-01-2018
1002,4,Karthik Kumar,Marketing,Bangalore,Diploma,Poor,13,57,169.5,86052,02-07-2024
1003,2,Karthik Reddy,Tech,Bangalore,Masters,Good,1,56,166.5,62990,04-03-2025
1004,2,Lakshmi Kumar,Tech,Chennai,Bachelors,Excellent,11,41,175.3,5200000,15-10-2022
1005,3,Arjun Sharma,HR,Hyderabad,Masters,Excellent,9,42,173,62556,20-05-2022
1006,1,Sneha Reddy,Sales,Pune,Bachelors,Poor,3,25,167.6,47111,26-10-2023
1007,3,Lakshmi Menon,HR,Bangalore,Diploma,Good,10,51,157.9,60925,02-02-2025
1008,3,Manoj Kumar,HR,Pune,Bachelors,Average,14,28,175.7,,07-01-2022
1009,3,Sanjay Sharma,HR,Chennai,Bachelors,Excellent,4,56,160,49337,27-03-2019
1010,4,Divya Nair,Marketing,Chennai,Diploma,Average,8,30,145.4,62857,08-11-2018
1011,1,Rohit Kumar,Sales,Chennai,Bachelors,Good,15,57,163.6,85285,23-03-2020
1012,1,Rahul Rao,Sales,Pune,Bachelors,Excellent,14,27,159.8,92642,13-11-2022
1013,1,Vikram Sharma,Sales,Hyderabad,Masters,Poor,6,27,170.2,65615,05-10-2015
1014,1,Deepa Patel,Sales,Pune,Diploma,Good,11,43,166,69904,16-06-2024
1015,1,Meena Menon,Sales,Pune,Bachelors,Poor,3,30,147.5,69035,11-12-2016
1016,3,Ramesh Nair,HR,Hyderabad,Diploma,Poor,15,54,163.8,80039,28-11-2019
1017,1,Manoj Nair,Sales,Hyderabad,Masters,Average,8,33,166,45459,24-07-2018
1018,2,Ramesh Kumar,Tech,Hyderabad,Bachelors,Good,6,33,167.2,71614,15-06-2024
1019,3,Sanjay Nair,HR,Hyderabad,Diploma,Excellent,11,21,169.8,71154,12-11-2022
1020,1,Deepa Menon,Sales,Chennai,Bachelors,Good,3,26,160.5,65757,13-08-2021
1021,1,Anita Patel,Sales,Pune,Masters,Average,5,51,171.7,59760,05-06-2025
1022,2,Priya Singh,Tech,Chennai,Bachelors,Average,0,34,169.9,88840,07-05-2015
1023,3,Rahul Rao,HR,Chennai,Diploma,Good,7,50,160.9,58186,27-10-2025
1024,4,Ramesh Menon,Marketing,Chennai,Masters,Poor,4,30,166.1,49259,16-03-2017
1025,1,Rahul Menon,Sales,Bangalore,Masters,Poor,1,36,176.6,42501,02-05-2018
1026,1,Suresh Menon,Sales,Hyderabad,Masters,Average,14,38,162.9,65924,18-09-2022
1027,4,Kavya Singh,Marketing,Chennai,Bachelors,Average,7,47,152.5,61725,15-07-2016
1028,3,Deepa Iyer,HR,Bangalore,Diploma,Good,2,30,160.6,40475,15-03-2019
1029,2,Arjun Reddy,Tech,Pune,Masters,Excellent,3,42,173.5,64151,12-04-2021
1030,3,Rahul Menon,HR,Pune,Masters,Poor,2,45,166.4,44689,20-09-2020
1031,3,Arjun Sharma,HR,Bangalore,Bachelors,Good,2,23,179.7,60297,25-05-2017
1032,2,Kavya Rao,Tech,Chennai,Masters,Excellent,13,41,158.3,105413,02-05-2016
1033,2,Ramesh Sharma,Tech,Hyderabad,Diploma,Average,13,25,164.1,103136,15-02-2019
1034,1,Kavya Patel,Sales,Chennai,Diploma,Average,10,28,167.7,79354,02-05-2017
1035,2,Pooja Nair,Tech,Hyderabad,Bachelors,Average,6,38,163.3,91537,09-01-2020
1036,1,Deepa Singh,Sales,Pune,Diploma,Excellent,0,27,169.1,55611,14-11-2025
1037,4,Deepa Nair,Marketing,Hyderabad,Diploma,Average,12,46,166.7,87585,27-01-2020
1038,2,Kavya Rao,Tech,Chennai,Diploma,Poor,0,45,173.7,78354,10-11-2023
1039,2,Kavya Menon,Tech,Bangalore,Bachelors,Good,9,42,169.4,93031,08-06-2023
1040,1,Sneha Rao,Sales,Bangalore,Bachelors,Good,9,53,173,68647,08-04-2025
1041,1,Divya Patel,Sales,Bangalore,Bachelors,Poor,2,40,171.5,49652,08-11-2019
1042,1,Aditya Rao,Sales,Hyderabad,Masters,Excellent,4,30,157.4,47163,20-12-2019
1043,2,Pooja Rao,Tech,Chennai,Masters,Poor,1,58,156.7,,21-12-2025
1044,2,Manoj Sharma,Tech,Pune,Bachelors,Poor,2,22,168.8,74718,22-09-2025
1045,2,Suresh Singh,Tech,Bangalore,Masters,Poor,15,51,176.8,101639,28-02-2019
1046,3,Meena Menon,HR,Pune,Diploma,Excellent,7,39,162.6,56710,21-10-2015
1047,2,Rohit Patel,Tech,Chennai,Diploma,Excellent,2,24,163.8,63453,22-05-2022
1048,1,Pooja Iyer,Sales,Pune,Bachelors,Excellent,6,28,162.1,56641,10-04-2023
1049,1,Pooja Menon,Sales,Hyderabad,Bachelors,Average,15,34,169,92415,03-10-2016
1050,2,Pooja Iyer,Tech,Bangalore,Masters,Good,8,35,166.8,89590,13-08-2022
1051,1,Meena Rao,Sales,Hyderabad,Masters,Average,5,47,168.2,67967,11-07-2020
1052,1,Divya Sharma,Sales,Chennai,Masters,Poor,10,39,168.1,85000,03-06-2019
1053,4,Manoj Rao,Marketing,Hyderabad,Diploma,Good,12,27,167.9,92004,10-11-2015
1054,2,Sneha Nair,Tech,Hyderabad,Bachelors,Poor,7,46,166.5,91976,07-09-2023
1055,1,Aditya Reddy,Sales,Hyderabad,Bachelors,Poor,1,56,164.7,55961,16-03-2017
1056,4,Kavya Rao,Marketing,Chennai,Bachelors,Excellent,10,56,174,73629,04-07-2025
1057,2,Sanjay Singh,Tech,Chennai,Bachelors,Good,5,49,172.3,86944,18-03-2021
1058,2,Suresh Gupta,Tech,Chennai,Bachelors,Good,7,57,171.9,89432,24-01-2018
1059,4,Divya Iyer,Marketing,Hyderabad,Diploma,Excellent,12,38,173,70598,05-06-2024
1060,2,Divya Menon,Tech,Pune,Bachelors,Poor,2,29,174,69104,23-07-2015
1061,4,Pooja Menon,Marketing,Pune,Diploma,Poor,15,35,168,96471,17-03-2017
1062,1,Ramesh Reddy,Sales,Chennai,Masters,Poor,14,40,175.1,93417,09-11-2017
1063,4,Lakshmi Nair,Marketing,Pune,Bachelors,Average,3,21,172,63669,10-09-2015
1064,4,Arjun Menon,Marketing,Chennai,Masters,Average,8,22,165.1,82516,21-12-2021
1065,3,Karthik Sharma,HR,Hyderabad,Diploma,Excellent,1,44,169.3,52971,02-08-2018
1066,3,Ramesh Iyer,HR,Bangalore,Diploma,Excellent,13,33,174.1,66634,08-04-2019
1067,4,Priya Patel,Marketing,Pune,Masters,Average,7,35,184.7,65720,22-07-2022
1068,1,Ramesh Patel,Sales,Chennai,Bachelors,Poor,4,24,166.7,57654,15-07-2017
1069,3,Sneha Nair,HR,Chennai,Masters,Excellent,3,23,167.7,68342,24-11-2019
1070,4,Priya Kumar,Marketing,Bangalore,Bachelors,Poor,11,43,167.2,87184,18-02-2021
1071,2,Karthik Sharma,Tech,Bangalore,Masters,Excellent,12,33,179.6,84623,15-09-2020
1072,2,Ramesh Rao,Tech,Chennai,Masters,Excellent,10,23,180.8,77378,15-01-2021
1073,1,Aditya Gupta,Sales,Hyderabad,Bachelors,Good,1,23,181.3,46842,23-12-2019
1074,3,Aditya Sharma,HR,Bangalore,Diploma,Poor,8,51,180.2,55776,26-07-2022
1075,3,Sanjay Reddy,HR,Bangalore,Masters,Good,13,30,164.1,74401,11-04-2024
1076,3,Suresh Singh,HR,Chennai,Bachelors,Average,14,36,178.7,64842,21-02-2021
1077,1,Karthik Sharma,Sales,Bangalore,Bachelors,Poor,15,34,165.7,74941,16-07-2016
1078,4,Aditya Nair,Marketing,Bangalore,Bachelors,Good,5,38,176.3,63426,12-05-2024
1079,3,Arjun Nair,HR,Chennai,Bachelors,Average,8,41,173.7,62129,09-07-2016
1080,2,Meena Kumar,Tech,Bangalore,Diploma,Excellent,7,35,165,80057,02-06-2022
1081,3,Lakshmi Nair,HR,Bangalore,Bachelors,Average,7,49,171.5,61773,25-05-2024
1082,1,Manoj Nair,Sales,Bangalore,Bachelors,Good,3,30,158.4,43304,09-04-2015
1083,1,Karthik Gupta,Sales,Chennai,Masters,Good,6,25,154.4,66582,26-01-2018
1084,4,Divya Singh,Marketing,Chennai,Masters,Poor,15,31,169.4,91336,09-12-2021
1085,4,Mahesh Iyer,Marketing,Hyderabad,Bachelors,Excellent,9,22,160.8,67877,07-11-2020
1086,4,Vikram Rao,Marketing,Bangalore,Diploma,Excellent,12,57,168.8,80280,25-08-2020
1087,2,Divya Sharma,Tech,Hyderabad,Masters,Average,4,30,168.9,86348,06-05-2020
1088,2,Deepa Iyer,Tech,Chennai,Diploma,Excellent,2,41,173.9,78103,21-10-2015
1089,4,Vikram Nair,Marketing,Pune,Masters,Average,2,51,161.7,65325,07-10-2017
1090,1,Manoj Sharma,Sales,Chennai,Diploma,Average,12,23,166.2,79863,02-11-2023
1091,3,Rohit Rao,HR,Hyderabad,Masters,Average,3,48,173.6,39857,12-11-2021
1092,4,Sanjay Menon,Marketing,Chennai,Bachelors,Excellent,14,,168.6,85326,04-07-2022
1093,1,Meena Singh,Sales,Bangalore,Diploma,Average,4,26,173.9,49588,17-12-2020
1094,1,Anita Kumar,Sales,Bangalore,Masters,Poor,1,33,151,47747,10-08-2017
1095,2,Kavya Reddy,Tech,Hyderabad,Masters,Good,7,50,171,90168,17-05-2017
1096,4,Arjun Gupta,Marketing,Hyderabad,Diploma,Average,6,32,162,54568,21-03-2021
1097,3,Kavya Sharma,HR,Bangalore,Masters,Good,10,49,165,69332,19-09-2023
1098,1,Divya Gupta,Sales,Hyderabad,Bachelors,Good,8,57,167.5,77675,11-06-2017
1099,1,Mahesh Iyer,Sales,Hyderabad,Bachelors,Good,14,21,179,81555,05-04-2015
1100,3,Mahesh Reddy,HR,Pune,Diploma,Poor,13,22,171.8,65056,19-01-2015
1101,3,Arjun Rao,HR,Hyderabad,Masters,Average,9,34,172.7,69140,27-10-2020
1102,4,Arjun Reddy,Marketing,Pune,Diploma,Poor,5,30,182.1,76503,13-05-2025
1103,3,Manoj Patel,HR,Pune,Masters,Excellent,0,36,173.1,55663,02-01-2017
1104,1,Mahesh Sharma,Sales,Bangalore,Masters,Average,0,30,171.3,39493,17-04-2021
1105,4,Mahesh Menon,Marketing,Bangalore,Bachelors,Excellent,5,50,167.8,59237,21-12-2016
1106,4,Arjun Kumar,Marketing,Bangalore,Bachelors,Good,5,24,171.7,63139,18-11-2019
1107,4,Deepa Sharma,Marketing,Bangalore,Diploma,Good,8,36,185.6,64154,24-03-2018
1108,3,Arjun Rao,HR,Pune,Bachelors,Poor,6,22,163.1,60861,08-12-2021
1109,3,Lakshmi Reddy,HR,Chennai,Diploma,Poor,6,28,174.7,45724,06-10-2016
1110,3,Anita Kumar,HR,Bangalore,Masters,Poor,4,25,166.1,49313,07-06-2024
1111,1,Priya Kumar,Sales,Bangalore,Masters,Poor,12,39,171.4,79776,05-02-2022
1112,1,Kavya Kumar,Sales,Hyderabad,Bachelors,Good,6,24,175,57752,25-06-2020
1113,4,Karthik Kumar,Marketing,Pune,Masters,Poor,9,43,166.6,70837,02-12-2022
1114,2,Karthik Kumar,Tech,Chennai,Bachelors,Poor,2,21,165,63392,04-08-2020
1115,4,Pooja Iyer,Marketing,Chennai,Bachelors,Average,5,35,165.8,74304,04-03-2022
1116,1,Priya Gupta,Sales,Hyderabad,Diploma,Excellent,15,46,156,85782,21-07-2016
1117,1,Rahul Singh,Sales,Chennai,Bachelors,Average,11,50,174,74415,20-09-2017
1118,1,Meena Singh,Sales,Hyderabad,Diploma,Excellent,11,49,163.2,62973,08-10-2019
1119,2,Arjun Singh,Tech,Chennai,Bachelors,Good,10,30,171.9,71807,24-04-2017
1120,3,Deepa Iyer,HR,Bangalore,Diploma,Poor,11,33,174,71760,05-03-2021
1121,3,Priya Iyer,HR,Chennai,Bachelors,Excellent,9,23,170.1,57042,28-07-2015
1122,4,Meena Kumar,Marketing,Chennai,Bachelors,Excellent,7,21,168,54767,23-07-2018
1123,4,Lakshmi Nair,Marketing,Chennai,Masters,Poor,7,50,157.9,61045,09-06-2021
1124,1,Vikram Iyer,Sales,Pune,Bachelors,Excellent,13,22,176.1,77934,17-07-2024
1125,2,Sanjay Sharma,Tech,Bangalore,Bachelors,Average,10,31,160.2,91572,12-09-2018
1126,1,Pooja Kumar,Sales,Hyderabad,Masters,Good,14,47,164.8,66166,22-04-2022
1127,2,Aditya Gupta,Tech,Bangalore,Bachelors,Good,12,45,166.4,74170,01-01-2021
1128,1,Manoj Patel,Sales,Hyderabad,Diploma,Average,13,40,162.3,88420,08-09-2021
1129,4,Suresh Nair,Marketing,Pune,Masters,Average,14,30,172.1,86119,21-11-2020
1130,4,Anita Menon,Marketing,Hyderabad,Diploma,Good,14,45,167.7,100198,14-05-2025
1131,2,Kavya Gupta,Tech,Chennai,Masters,Good,15,41,168.2,116894,14-08-2022
1132,1,Divya Kumar,Sales,Bangalore,Masters,Good,11,29,173.6,76888,21-06-2023
1133,1,Rohit Iyer,Sales,Bangalore,Masters,Average,0,35,171,45870,12-08-2017
1134,2,Vikram Patel,Tech,Bangalore,Masters,Good,6,33,160,93133,07-12-2022
1135,1,Priya Iyer,Sales,Pune,Diploma,Average,14,51,164.5,77867,02-09-2022
1136,4,Arjun Menon,Marketing,Chennai,Masters,Poor,14,31,161,96580,23-08-2020
1137,4,Karthik Sharma,Marketing,Chennai,Masters,Good,9,22,161.5,77201,02-10-2015
1138,3,Anita Kumar,HR,Chennai,Masters,Excellent,3,29,167.4,37159,28-02-2020
1139,3,Deepa Iyer,HR,Pune,Bachelors,Excellent,10,37,169.6,54150,27-01-2023
1140,3,Sneha Singh,HR,Hyderabad,Masters,Good,9,34,175.4,56054,26-08-2025
1141,1,Anita Patel,Sales,Bangalore,Diploma,Excellent,10,56,179.8,75043,19-09-2021
1142,1,Deepa Menon,Sales,Bangalore,Masters,Excellent,12,30,168.8,74687,23-11-2025
1143,1,Vikram Sharma,Sales,Chennai,Diploma,Excellent,6,27,170.8,72363,12-01-2025
1144,2,Rohit Reddy,Tech,Pune,Diploma,Good,9,22,165.6,81069,21-10-2021
1145,1,Priya Rao,Sales,Pune,Bachelors,Poor,15,21,167.1,80174,20-07-2025
1146,2,Suresh Menon,Tech,Chennai,Diploma,Poor,15,48,158,103915,22-01-2015
1147,1,Sanjay Kumar,Sales,Hyderabad,Masters,Average,2,49,172,50907,12-01-2017
1148,2,Sanjay Menon,Tech,Hyderabad,Diploma,Poor,2,21,177.8,66922,21-01-2015
1149,1,Vikram Menon,Sales,Bangalore,Bachelors,Good,12,57,180,69552,22-08-2022
1150,2,Vikram Rao,Tech,Pune,Bachelors,Excellent,4,38,167.2,79383,10-06-2024
1151,3,Aditya Gupta,HR,Bangalore,Diploma,Good,1,-4,160,33085,13-04-2021
1152,4,Meena Iyer,Marketing,Bangalore,Bachelors,Good,12,38,157.8,64631,19-03-2021
1153,1,Lakshmi Reddy,Sales,Hyderabad,Masters,Excellent,9,43,155.3,75714,18-02-2023
1154,4,Arjun Iyer,Marketing,Bangalore,Masters,Excellent,12,50,180.7,84593,19-05-2018
1155,1,Manoj Sharma,Sales,Chennai,Bachelors,Good,12,54,168.9,71266,17-08-2020
1156,2,Rohit Gupta,Tech,Hyderabad,Bachelors,Average,6,36,171.4,80919,12-08-2015
1157,1,Anita Gupta,Sales,Bangalore,Bachelors,Good,11,54,157.6,61859,04-01-2024
1158,1,Sanjay Patel,Sales,Chennai,Bachelors,Good,6,48,167,78014,25-08-2016
1159,2,Vikram Rao,Tech,Bangalore,Diploma,Poor,8,23,161.9,89548,28-06-2023
1160,4,Suresh Patel,Marketing,Pune,Diploma,Poor,15,37,162.3,106170,08-10-2020
1161,1,Manoj Nair,Sales,Chennai,Diploma,Poor,12,37,182.2,82193,18-01-2020
1162,1,Sanjay Kumar,Sales,Bangalore,Diploma,Good,1,21,177.6,46963,24-11-2018
1163,3,Sneha Gupta,HR,Hyderabad,Bachelors,Poor,14,44,164.2,75210,06-07-2022
1164,4,Ramesh Menon,Marketing,Chennai,Diploma,Average,7,35,151.4,74558,28-10-2016
1165,3,Divya Kumar,HR,Bangalore,Bachelors,Good,4,41,148.2,54009,04-08-2018
1166,3,Vikram Menon,HR,Chennai,Bachelors,Average,4,38,179.4,42763,08-07-2021
1167,2,Sneha Reddy,Tech,Hyderabad,Bachelors,Poor,0,41,183.2,62723,04-08-2022
1168,2,Deepa Singh,Tech,Pune,Bachelors,Poor,1,37,157.7,56727,14-06-2018
1169,3,Rohit Rao,HR,Chennai,Diploma,Good,7,30,166.4,61134,15-01-2025
1170,3,Pooja Iyer,HR,Chennai,Bachelors,Excellent,4,23,173,35118,09-04-2021
1171,2,Arjun Reddy,Tech,Chennai,Masters,Poor,4,26,159.9,81050,16-12-2024
1172,3,Deepa Patel,HR,Hyderabad,Diploma,Poor,5,25,178.6,55879,27-07-2023
1173,1,Sanjay Sharma,Sales,Bangalore,Bachelors,Excellent,11,29,181.2,63679,08-05-2025
1174,2,Lakshmi Patel,Tech,Bangalore,Bachelors,Excellent,11,54,170.8,106139,12-02-2016
1175,2,Lakshmi Kumar,Tech,Hyderabad,Diploma,Excellent,10,49,152.2,93296,17-01-2023
1176,2,Aditya Reddy,Tech,Chennai,Diploma,Good,0,37,171.4,65157,01-01-2023
1177,1,Lakshmi Menon,Sales,Chennai,Masters,Excellent,6,27,183.2,58770,23-02-2020
1178,2,Lakshmi Singh,Tech,Hyderabad,Diploma,Poor,1,210,176.9,66049,18-03-2021
1179,2,Divya Reddy,Tech,Bangalore,Masters,Excellent,7,47,176.3,89564,17-10-2024
1180,1,Manoj Gupta,Sales,Pune,Diploma,Good,12,48,167.5,77889,27-06-2024
1181,4,Manoj Nair,Marketing,Pune,Masters,Poor,1,44,172,50202,06-09-2016
1182,1,Ramesh Nair,Sales,Chennai,Bachelors,Excellent,10,50,171.9,60260,26-01-2025
1183,1,Aditya Iyer,Sales,Bangalore,Masters,Poor,1,37,159.7,55825,01-09-2016
1184,4,Rohit Gupta,Marketing,Chennai,Diploma,Poor,7,53,166,74560,15-02-2019
1185,2,Rohit Rao,Tech,Hyderabad,Bachelors,Average,14,26,171,103400,27-05-2023
1186,4,Manoj Menon,Marketing,Hyderabad,Masters,Excellent,7,51,163.7,63965,08-01-2019
1187,3,Lakshmi Rao,HR,Bangalore,Bachelors,Average,7,36,177.3,61742,11-09-2020
1188,4,Rohit Kumar,Marketing,Bangalore,Diploma,Poor,8,43,191.1,64216,02-11-2022
1189,4,Pooja Nair,Marketing,Chennai,Bachelors,Good,14,43,178.8,75709,07-11-2017
1190,3,Sanjay Iyer,HR,Chennai,Bachelors,Poor,3,21,154.8,46453,19-09-2021
1191,1,Anita Rao,Sales,Hyderabad,Masters,Poor,15,45,183.1,59852,15-12-2022
1192,3,Rahul Patel,HR,Pune,Masters,Good,11,21,175.7,65113,15-07-2022
1193,3,Karthik Patel,HR,Pune,Masters,Average,5,26,164.7,36711,27-06-2020
1194,2,Ramesh Kumar,Tech,Bangalore,Bachelors,Excellent,10,40,176.1,92687,18-05-2023
1195,4,Aditya Gupta,Marketing,Pune,Diploma,Poor,13,54,172.8,75991,14-02-2018
1196,3,Anita Nair,HR,Pune,Bachelors,Excellent,12,49,153.2,57698,11-10-2024
1197,1,Suresh Iyer,Sales,Chennai,Diploma,Good,5,42,173.8,51904,21-07-2023
1198,2,Deepa Rao,Tech,Chennai,Diploma,Poor,9,43,163,89980,21-11-2024
1199,1,Rahul Kumar,Sales,Hyderabad,Bachelors,Poor,13,58,168,78169,01-11-2015
1200,2,Kavya Singh,Tech,Chennai,Masters,Average,5,47,168.1,66075,05-02-2024
1021,1,Anita Patel,Sales,Pune,Masters,Average,5,51,171.7,59760,05-06-2025
